dengue_year,dengue_week,week_date_range,weekly_travel_cases,cumulative_travel_cases,weekly_local_cases,cumulative_local_cases,dengue_week_start,dengue_week_end,climate_year,climate_week,Week_Start,Week_End,Temp @ 60cm (C) Avg (Weekly Avg),Temp @ 2m (C) Avg (Weekly Avg),Temp @ 10m (C) Avg (Weekly Avg),Relative Humidity (%) Avg (Weekly Avg),Rainfall Amount (in) Sum (Weekly Avg)
,,,,,,,,,2022,0,2022-01-01,2022-01-01,21.5963,21.7623,22.0249,84.1721,0.0012
,,,,,,,,,2022,1,2022-01-02,2022-01-08,16.6115,16.6446,16.7125,80.5206,0.0233
2022,2,"January 9-15, 2022",2.0,9.0,0.0,0.0,2022-01-09,2022-01-15,2022,2,2022-01-09,2022-01-15,15.5394,15.6021,15.7772,76.7995,0.0437
2022,3,"January 16-22, 2022",4.0,13.0,0.0,0.0,2022-01-16,2022-01-22,2022,3,2022-01-16,2022-01-22,12.9233,12.9779,13.1705,82.0253,0.1345
2022,4,"January 23-29, 2022",2.0,15.0,0.0,0.0,2022-01-23,2022-01-29,2022,4,2022-01-23,2022-01-29,10.8748,10.8211,10.8935,78.9753,0.0424
2022,5,"January 30-February 5, 2022",1.0,16.0,0.0,0.0,2022-01-30,2022-02-05,2022,5,2022-01-30,2022-02-05,14.3669,14.4722,14.7867,73.9202,0.0339
2022,6,"February 6-12, 2022",1.0,17.0,0.0,0.0,2022-02-06,2022-02-12,2022,6,2022-02-06,2022-02-12,13.6773,13.6065,13.7682,81.7072,0.0638
2022,7,"February 13-19, 2022",3.0,20.0,0.0,0.0,2022-02-13,2022-02-19,2022,7,2022-02-13,2022-02-19,17.1682,17.1425,17.1453,74.0985,0.0325
2022,8,"February 20-26, 2022",1.0,21.0,0.0,0.0,2022-02-20,2022-02-26,2022,8,2022-02-20,2022-02-26,20.2409,20.2487,20.3841,77.0698,0.0005
2022,9,"February 27-March 5, 2022",1.0,22.0,0.0,0.0,2022-02-27,2022-03-05,2022,9,2022-02-27,2022-03-05,18.8704,18.8758,19.0409,73.444,0.0089
2022,10,"March 6-12, 2022",0.0,22.0,0.0,0.0,2022-03-06,2022-03-12,2022,10,2022-03-06,2022-03-12,21.7937,21.7619,21.6553,82.3084,0.3362
2022,11,"March 13-19, 2022",3.0,25.0,0.0,0.0,2022-03-13,2022-03-19,2022,11,2022-03-13,2022-03-19,19.2348,19.1311,19.0632,77.9714,0.2226
2022,12,"March 20-26, 2022",1.0,26.0,0.0,0.0,2022-03-20,2022-03-26,2022,12,2022-03-20,2022-03-26,20.0531,20.0271,20.028,72.9853,0.11
2022,13,"March 27-April 2, 2022",0.0,26.0,0.0,0.0,2022-03-27,2022-04-02,2022,13,2022-03-27,2022-04-02,21.0063,21.0215,21.0811,74.5203,0.2681
2022,14,"April 3-9, 2022",3.0,29.0,0.0,0.0,2022-04-03,2022-04-09,2022,14,2022-04-03,2022-04-09,21.1428,21.1032,21.0474,74.6695,0.0946
2022,15,"April 10-16, 2022",0.0,29.0,0.0,0.0,2022-04-10,2022-04-16,2022,15,2022-04-10,2022-04-16,21.2335,21.1625,21.1602,74.154,0.0694
2022,16,"April 17-23, 2022",1.0,30.0,0.0,0.0,2022-04-17,2022-04-23,2022,16,2022-04-17,2022-04-23,21.8823,21.7717,21.659,72.1796,0.0646
2022,17,"April 24-30, 2022",0.0,30.0,0.0,0.0,2022-04-24,2022-04-30,2022,17,2022-04-24,2022-04-30,23.2091,23.0504,22.9231,74.7113,0.091
2022,18,"May 1-7, 2022",0.0,30.0,0.0,0.0,2022-05-01,2022-05-07,2022,18,2022-05-01,2022-05-07,24.8209,24.6631,24.5465,77.8282,0.1246
2022,19,"May 8-14, 2022",5.0,35.0,0.0,0.0,2022-05-08,2022-05-14,2022,19,2022-05-08,2022-05-14,22.8052,22.6083,22.4993,72.1868,0.0461
2022,20,"May 15-21, 2022",1.0,36.0,0.0,0.0,2022-05-15,2022-05-21,2022,20,2022-05-15,2022-05-21,25.5499,25.3646,25.2953,79.1211,0.2876
2022,21,"May 22-28, 2022",4.0,40.0,0.0,0.0,2022-05-22,2022-05-28,2022,21,2022-05-22,2022-05-28,26.2246,26.0884,25.8793,78.0816,0.1672
2022,22,"May 29-June 4, 2022",0.0,40.0,0.0,0.0,2022-05-29,2022-06-04,2022,22,2022-05-29,2022-06-04,25.2846,25.1073,24.9567,80.0735,0.2734
2022,23,"June 5-11, 2022",4.0,44.0,0.0,0.0,2022-06-05,2022-06-11,2022,23,2022-06-05,2022-06-11,26.1626,25.9685,25.8146,83.1946,0.2732
2022,24,"June 12-18, 2022",1.0,45.0,0.0,0.0,2022-06-12,2022-06-18,2022,24,2022-06-12,2022-06-18,28.1347,27.9145,27.7951,78.7682,0.1193
2022,25,"June 19-25, 2022",6.0,51.0,0.0,0.0,2022-06-19,2022-06-25,2022,25,2022-06-19,2022-06-25,27.3025,27.1285,27.022,77.4569,0.162
2022,26,"June 26-July 2, 2022",1.0,52.0,0.0,0.0,2022-06-26,2022-07-02,2022,26,2022-06-26,2022-07-02,26.8163,26.6308,26.4757,82.2843,0.2457
2022,27,"July 3-9, 2022",4.0,56.0,0.0,0.0,2022-07-03,2022-07-09,2022,27,2022-07-03,2022-07-09,27.8446,27.5075,27.3807,82.5309,0.2421
2022,28,"July 10-16, 2022",19.0,75.0,1.0,1.0,2022-07-10,2022-07-16,2022,28,2022-07-10,2022-07-16,27.0296,26.8702,26.6909,83.9687,0.3507
2022,29,"July 17-23, 2022",11.0,86.0,0.0,1.0,2022-07-17,2022-07-23,2022,29,2022-07-17,2022-07-23,27.1509,27.0219,26.877,83.9003,0.1934
2022,30,"July 24-30, 2022",28.0,114.0,1.0,2.0,2022-07-24,2022-07-30,2022,30,2022-07-24,2022-07-30,27.5825,27.4541,27.2953,80.7119,0.1627
2022,31,"July 31-August 6, 2022",37.0,151.0,0.0,2.0,2022-07-31,2022-08-06,2022,31,2022-07-31,2022-08-06,27.7876,27.6216,27.4185,80.1681,0.1344
2022,32,"August 7-13, 2022",35.0,186.0,1.0,3.0,2022-08-07,2022-08-13,2022,32,2022-08-07,2022-08-13,26.8157,26.7191,26.5272,83.1279,0.1491
2022,33,"August 14-20, 2022",44.0,230.0,2.0,5.0,2022-08-14,2022-08-20,2022,33,2022-08-14,2022-08-20,26.9927,26.8435,26.7136,82.9212,0.1788
2022,34,"August 21-27, 2022",34.0,264.0,3.0,8.0,2022-08-21,2022-08-27,2022,34,2022-08-21,2022-08-27,27.055,26.8933,26.6957,85.4384,0.3461
2022,35,"August 28-September 3, 2022",63.0,327.0,6.0,14.0,2022-08-28,2022-09-03,2022,35,2022-08-28,2022-09-03,26.7526,26.5779,26.4087,86.1406,0.3239
2022,36,"September 4-10, 2022",58.0,385.0,0.0,14.0,2022-09-04,2022-09-10,2022,36,2022-09-04,2022-09-10,26.6095,26.4924,26.3714,85.6809,0.2629
2022,37,"September 11-17, 2022",52.0,437.0,5.0,19.0,2022-09-11,2022-09-17,2022,37,2022-09-11,2022-09-17,25.4738,25.3547,25.2068,86.0986,0.3769
2022,38,"September 18-24, 2022",41.0,478.0,3.0,22.0,2022-09-18,2022-09-24,2022,38,2022-09-18,2022-09-24,25.9494,25.8815,25.784,79.7585,0.106
2022,39,"September 25-October 1, 2022",10.0,488.0,1.0,23.0,2022-09-25,2022-10-01,2022,39,2022-09-25,2022-10-01,23.227,23.1936,23.1241,77.6534,0.7434
2022,40,"October 2-8, 2022",38.0,526.0,4.0,27.0,2022-10-02,2022-10-08,2022,40,2022-10-02,2022-10-08,21.5903,21.7143,21.7908,72.7955,0.0029
2022,41,"October 9-15, 2022",60.0,586.0,3.0,30.0,2022-10-09,2022-10-15,2022,41,2022-10-09,2022-10-15,23.8421,23.864,23.7676,80.7134,0.0929
2022,42,"October 16-22, 2022",17.0,603.0,5.0,35.0,2022-10-16,2022-10-22,2022,42,2022-10-16,2022-10-22,18.7567,18.8108,18.8463,71.7904,0.029
2022,43,"October 23-29, 2022",50.0,653.0,1.0,36.0,2022-10-23,2022-10-29,2022,43,2022-10-23,2022-10-29,21.6848,21.7492,21.7932,80.3893,0.0349
2022,44,"October 30-November 5, 2022",25.0,678.0,2.0,38.0,2022-10-30,2022-11-05,2022,44,2022-10-30,2022-11-05,23.3782,23.3936,23.316,81.9964,0.0429
2022,45,"November 6-12, 2022",15.0,693.0,3.0,41.0,2022-11-06,2022-11-12,2022,45,2022-11-06,2022-11-12,22.3648,22.438,22.3735,83.4291,0.3917
2022,46,"November 13-19, 2022",23.0,716.0,7.0,48.0,2022-11-13,2022-11-19,2022,46,2022-11-13,2022-11-19,17.1367,17.1215,17.0291,78.3197,0.015
2022,47,"November 20-26, 2022",5.0,721.0,0.0,48.0,2022-11-20,2022-11-26,2022,47,2022-11-20,2022-11-26,19.4909,19.4581,19.3534,87.0431,0.1029
2022,48,"November 27-December 3, 2022",25.0,746.0,1.0,49.0,2022-11-27,2022-12-03,2022,48,2022-11-27,2022-12-03,19.6032,19.7521,19.9126,81.2579,0.0553
2022,49,"December 4-10, 2022",22.0,768.0,6.0,55.0,2022-12-04,2022-12-10,2022,49,2022-12-04,2022-12-10,19.7273,19.8171,20.1345,85.6975,0.0034
2022,50,"December 11-17, 2022",25.0,793.0,4.0,59.0,2022-12-11,2022-12-17,2022,50,2022-12-11,2022-12-17,17.6711,17.7079,17.7444,83.7589,0.1176
2022,51,"December 18-24, 2022",31.0,824.0,4.0,63.0,2022-12-18,2022-12-24,2022,51,2022-12-18,2022-12-24,12.5967,12.5883,12.5728,77.8059,0.0785
2022,52,"December 25-31, 2022",13.0,837.0,2.0,65.0,2022-12-25,2022-12-31,2022,52,2022-12-25,2022-12-31,12.176,12.324,12.5517,74.0223,0.0306
2022,1,"January 1-7, 2023",7.0,7.0,0.0,0.0,2023-01-01,2023-01-07,2023,1,2023-01-01,2023-01-07,18.5279,18.6921,18.9394,81.4376,0.0478
2023,1,"January 1-7, 2023",7.0,7.0,0.0,0.0,2023-01-01,2023-01-07,2023,1,2023-01-01,2023-01-07,18.5279,18.6921,18.9394,81.4376,0.0478
2023,2,"January 8-14, 2023",34.0,41.0,3.0,3.0,2023-01-08,2023-01-14,2023,2,2023-01-08,2023-01-14,13.8111,13.9608,14.3547,76.1776,0.0566
2023,3,"January 15-21, 2023",7.0,48.0,0.0,3.0,2023-01-15,2023-01-21,2023,3,2023-01-15,2023-01-21,14.4585,14.6179,15.0896,76.0478,0.0246
2023,4,"January 22-28, 2023",14.0,62.0,0.0,3.0,2023-01-22,2023-01-28,2023,4,2023-01-22,2023-01-28,15.7379,15.7748,15.7814,75.168,0.1174
2023,5,"January 29-February 4, 2023",19.0,81.0,1.0,4.0,2023-01-29,2023-02-04,2023,5,2023-01-29,2023-02-04,19.424,19.4307,19.5487,81.6357,0.0389
2023,6,"February 5-11, 2023",18.0,99.0,0.0,4.0,2023-02-05,2023-02-11,2023,6,2023-02-05,2023-02-11,18.9372,18.997,19.1297,79.4103,0.158
2023,7,"February 12-18, 2023",9.0,108.0,0.0,4.0,2023-02-12,2023-02-18,2023,7,2023-02-12,2023-02-18,17.0224,17.0603,17.2143,73.8413,0.0152
2023,8,"February 19-25, 2023",14.0,122.0,0.0,4.0,2023-02-19,2023-02-25,2023,8,2023-02-19,2023-02-25,21.3203,21.3284,21.485,79.7767,0.0012
2023,9,"February 26-March 4, 2023",2.0,124.0,0.0,4.0,2023-02-26,2023-03-04,2023,9,2023-02-26,2023-03-04,22.2248,22.2157,22.3397,78.015,0.008
2023,10,"March 5-11, 2023",8.0,132.0,0.0,4.0,2023-03-05,2023-03-11,2023,10,2023-03-05,2023-03-11,21.617,21.5041,21.5661,75.0844,0.0311
2023,11,"March 12-18, 2023",9.0,141.0,0.0,4.0,2023-03-12,2023-03-18,2023,11,2023-03-12,2023-03-18,17.8823,17.7705,17.8074,71.7955,0.1553
2023,12,"March 19-25, 2023",4.0,145.0,0.0,4.0,2023-03-19,2023-03-25,2023,12,2023-03-19,2023-03-25,18.1725,17.9932,18.0418,71.2834,0.0133
2023,13,"March 26-April 1, 2023",4.0,149.0,0.0,4.0,2023-03-26,2023-04-01,2023,13,2023-03-26,2023-04-01,22.834,22.6578,22.5832,76.1828,0.0601
2023,14,"April 2-8, 2023",3.0,152.0,1.0,5.0,2023-04-02,2023-04-08,2023,14,2023-04-02,2023-04-08,24.3012,24.098,24.0283,75.5139,0.0385
2023,15,"April 9-15, 2023",2.0,154.0,0.0,5.0,2023-04-09,2023-04-15,2023,15,2023-04-09,2023-04-15,21.5457,21.3766,21.2542,78.5152,0.1691
2023,16,"April 16-22, 2023",2.0,156.0,0.0,5.0,2023-04-16,2023-04-22,2023,16,2023-04-16,2023-04-22,21.6594,21.5224,21.5723,70.7847,0.1371
2023,17,"April 23-29, 2023",2.0,158.0,0.0,5.0,2023-04-23,2023-04-29,2023,17,2023-04-23,2023-04-29,23.0615,22.9055,22.8368,79.299,0.2372
2023,18,"April 30-May 6, 2023",2.0,160.0,0.0,5.0,2023-04-30,2023-05-06,2023,18,2023-04-30,2023-05-06,22.3388,22.1945,22.2564,68.4821,0.0522
2023,19,"May 7-13, 2023",1.0,161.0,0.0,5.0,2023-05-07,2023-05-13,2023,19,2023-05-07,2023-05-13,24.7783,24.5097,24.5288,74.1115,0.0771
2023,20,"May 14-20, 2023",6.0,167.0,0.0,5.0,2023-05-14,2023-05-20,2023,20,2023-05-14,2023-05-20,25.1617,25.0176,25.0298,77.6838,0.1424
2023,21,"May 21-27, 2023",3.0,170.0,0.0,5.0,2023-05-21,2023-05-27,2023,21,2023-05-21,2023-05-27,23.8943,23.5513,23.5229,82.2747,0.4063
2023,22,"May 28-June 3, 2023",3.0,173.0,0.0,5.0,2023-05-28,2023-06-03,2023,22,2023-05-28,2023-06-03,24.3822,23.9928,24.0397,78.2071,0.2169
2023,23,"June 4-10, 2023",4.0,177.0,0.0,5.0,2023-06-04,2023-06-10,2023,23,2023-06-04,2023-06-10,25.3967,25.117,25.1331,79.2302,0.1544
2023,24,"June 11-17, 2023",4.0,181.0,0.0,5.0,2023-06-11,2023-06-17,2023,24,2023-06-11,2023-06-17,26.8514,26.6405,26.6154,80.3157,0.2937
2023,25,"June 18-24, 2023",12.0,193.0,0.0,5.0,2023-06-18,2023-06-24,2023,25,2023-06-18,2023-06-24,25.9528,25.7427,25.7191,83.1949,0.4834
2023,26,"June 25-July 1, 2023",1.0,194.0,0.0,5.0,2023-06-25,2023-07-01,2023,26,2023-06-25,2023-07-01,28.2067,27.9247,27.9789,77.3144,0.1115
2023,27,"July 2-8, 2023",1.0,195.0,0.0,5.0,2023-07-02,2023-07-08,,,,,,,,,
2023,28,"July 9-15, 2023",16.0,211.0,1.0,6.0,2023-07-09,2023-07-15,,,,,,,,,
2023,29,"July 16-22, 2023",18.0,229.0,2.0,8.0,2023-07-16,2023-07-22,,,,,,,,,
2023,30,"July 23-29, 2023",11.0,240.0,1.0,9.0,2023-07-23,2023-07-29,,,,,,,,,
2023,31,"July 30-August 5, 2023",43.0,283.0,4.0,13.0,2023-07-30,2023-08-05,2023,31,2023-07-30,2023-08-05,27.8272,27.5055,27.5405,83.0522,0.2251
2023,32,"August 6-12, 2023",14.0,297.0,1.0,14.0,2023-08-06,2023-08-12,2023,32,2023-08-06,2023-08-12,29.737,29.4462,29.4744,79.9501,0.1135
2023,33,"August 13-19, 2023",20.0,317.0,4.0,18.0,2023-08-13,2023-08-19,2023,33,2023-08-13,2023-08-19,28.1007,27.8134,27.8229,82.4658,0.2451
2023,34,"August 20-26, 2023",20.0,337.0,1.0,19.0,2023-08-20,2023-08-26,2023,34,2023-08-20,2023-08-26,28.3348,28.1123,28.1617,78.4835,0.0528
2023,35,"August 27-September 2, 2023",14.0,351.0,3.0,22.0,2023-08-27,2023-09-02,2023,35,2023-08-27,2023-09-02,27.4033,27.1949,27.1867,85.6711,0.4678
2023,36,"September 3-9, 2023",16.0,367.0,0.0,22.0,2023-09-03,2023-09-09,2023,36,2023-09-03,2023-09-09,26.3625,26.1852,26.378,78.1194,0.0847
2023,37,"September 10-16, 2023",25.0,392.0,4.0,26.0,2023-09-10,2023-09-16,2023,37,2023-09-10,2023-09-16,27.1986,26.8858,26.9792,81.5526,0.1548
2023,38,"September 17-23, 2023",17.0,409.0,8.0,34.0,2023-09-17,2023-09-23,2023,38,2023-09-17,2023-09-23,25.3227,25.1329,25.2512,79.4785,0.1938
2023,39,"September 24-30, 2023",18.0,427.0,7.0,41.0,2023-09-24,2023-09-30,2023,39,2023-09-24,2023-09-30,25.2503,25.0279,25.0571,85.4215,0.2566
2023,40,"October 1-7, 2023",17.0,444.0,15.0,56.0,2023-10-01,2023-10-07,2023,40,2023-10-01,2023-10-07,25.0615,24.9123,24.9488,80.9378,0.0604
2023,41,"October 8-14, 2023",15.0,459.0,15.0,71.0,2023-10-08,2023-10-14,2023,41,2023-10-08,2023-10-14,23.1782,23.0651,23.1234,80.5407,0.2023
2023,42,"October 15-21, 2023",18.0,477.0,10.0,81.0,2023-10-15,2023-10-21,2023,42,2023-10-15,2023-10-21,19.2152,19.1639,19.4253,74.9905,0.0016
2023,43,"October 22-28, 2023",31.0,508.0,20.0,101.0,2023-10-22,2023-10-28,2023,43,2023-10-22,2023-10-28,22.1753,22.2144,22.4946,76.1359,0.0012
2023,44,"October 29-November 4, 2023",11.0,519.0,12.0,113.0,2023-10-29,2023-11-04,2023,44,2023-10-29,2023-11-04,20.1218,20.041,20.1403,74.6308,0.0048
2023,45,"November 5-11, 2023",16.0,535.0,18.0,131.0,2023-11-05,2023-11-11,2023,45,2023-11-05,2023-11-11,20.4256,20.4743,20.8901,76.2719,0.0212
2023,46,"November 12-18, 2023",16.0,551.0,14.0,145.0,2023-11-12,2023-11-18,2023,46,2023-11-12,2023-11-18,20.6422,20.5345,20.4825,89.2508,0.3567
2023,47,"November 19-25, 2023",19.0,570.0,12.0,157.0,2023-11-19,2023-11-25,2023,47,2023-11-19,2023-11-25,18.797,18.7025,18.862,82.331,0.0285
2023,48,"November 26-December 2, 2023",16.0,586.0,6.0,163.0,2023-11-26,2023-12-02,2023,48,2023-11-26,2023-12-02,14.4212,14.4144,14.6192,78.4515,0.1146
2023,49,"December 3-9, 2023",25.0,611.0,7.0,170.0,2023-12-03,2023-12-09,,,,,,,,,
2023,50,"December 10-16, 2023",19.0,630.0,5.0,175.0,2023-12-10,2023-12-16,,,,,,,,,
2023,51,"December 17-23, 2023",26.0,656.0,3.0,178.0,2023-12-17,2023-12-23,,,,,,,,,
2023,52,"December 24-30, 2023",6.0,662.0,1.0,179.0,2023-12-24,2023-12-30,,,,,,,,,
,,,,,,,,,2024,0,2024-01-01,2024-01-06,13.8942,13.9259,14.2005,81.3068,0.1835
2024,1,,9.0,9.0,0.0,0.0,,,2024,1,2024-01-07,2024-01-13,15.4593,15.5109,15.6159,81.4694,0.1903
2024,2,"January 7-13, 2024",17.0,26.0,9.0,9.0,2024-01-07,2024-01-13,2024,1,2024-01-07,2024-01-13,15.4593,15.5109,15.6159,81.4694,0.1903
2024,3,"January 14-20, 2024",9.0,35.0,0.0,9.0,2024-01-14,2024-01-20,2024,2,2024-01-14,2024-01-20,13.2885,13.1794,13.3019,79.4307,0.1196
2024,4,"January 21-27, 2024",23.0,58.0,3.0,12.0,2024-01-21,2024-01-27,2024,3,2024-01-21,2024-01-27,18.3042,18.2509,18.3391,79.9244,0.0524
2024,5,"January 28-February 3, 2024",12.0,70.0,0.0,12.0,2024-01-28,2024-02-03,2024,4,2024-01-28,2024-02-03,13.4397,13.4525,13.8199,74.7393,0.0036
2024,6,"February 4-10, 2024",4.0,74.0,0.0,12.0,2024-02-04,2024-02-10,2024,5,2024-02-04,2024-02-10,15.4383,15.4313,15.6315,77.4155,0.0788
2024,7,"February 11-17, 2024",5.0,79.0,0.0,12.0,2024-02-11,2024-02-17,2024,6,2024-02-11,2024-02-17,17.6139,17.5795,17.7841,78.7318,0.1223
2024,8,"February 18-24, 2024",7.0,86.0,2.0,14.0,2024-02-18,2024-02-24,2024,7,2024-02-18,2024-02-24,13.8735,13.8965,14.2268,72.7122,0.1977
2024,9,"February 25-March 2, 2024",4.0,90.0,0.0,14.0,2024-02-25,2024-03-02,2024,8,2024-02-25,2024-03-02,18.2665,18.2748,18.6024,74.4806,0.0147
2024,10,"March 3-9, 2024",9.0,99.0,0.0,14.0,2024-03-03,2024-03-09,2024,9,2024-03-03,2024-03-09,21.7532,21.6023,21.6342,83.9347,0.2126
2024,11,"March 10-16, 2024",8.0,107.0,0.0,14.0,2024-03-10,2024-03-16,2024,10,2024-03-10,2024-03-16,19.9408,19.8326,20.0325,73.9929,0.0242
2024,12,"March 17-23, 2024",10.0,117.0,0.0,14.0,2024-03-17,2024-03-23,2024,11,2024-03-17,2024-03-23,19.0458,18.9163,19.0128,74.3824,0.1461
2024,13,"March 24-30, 2024",8.0,125.0,1.0,15.0,2024-03-24,2024-03-30,2024,12,2024-03-24,2024-03-30,20.1027,19.9952,20.0992,73.7427,0.092
2024,14,"March 31-April 6, 2024",9.0,134.0,0.0,15.0,2024-03-31,2024-04-06,2024,13,2024-03-31,2024-04-06,19.9712,19.8669,20.0863,73.1056,0.1136
2024,15,"April 7-13, 2024",12.0,146.0,0.0,15.0,2024-04-07,2024-04-13,2024,14,2024-04-07,2024-04-13,20.4966,20.4478,20.5218,70.2385,0.1681
2024,16,"April 14-20, 2024",13.0,159.0,0.0,15.0,2024-04-14,2024-04-20,2024,15,2024-04-14,2024-04-20,22.3198,22.1816,22.3848,71.5723,0.0038
2024,17,"April 21-27, 2024",19.0,178.0,1.0,16.0,2024-04-21,2024-04-27,2024,16,2024-04-21,2024-04-27,21.2784,21.0895,21.1937,71.4906,0.0177
2024,18,"April 28-May 4, 2024",16.0,194.0,0.0,16.0,2024-04-28,2024-05-04,2024,17,2024-04-28,2024-05-04,24.1696,23.8885,23.8715,74.0285,0.0622
2024,19,"May 5-11, 2024",10.0,204.0,0.0,16.0,2024-05-05,2024-05-11,2024,18,2024-05-05,2024-05-11,26.3479,26.0416,26.0157,74.9456,0.0754
2024,20,"May 12-18, 2024",9.0,213.0,1.0,17.0,2024-05-12,2024-05-18,2024,19,2024-05-12,2024-05-18,25.8978,25.7105,25.7357,79.4571,0.2685
2024,21,"May 19-25, 2024",17.0,230.0,0.0,17.0,2024-05-19,2024-05-25,2024,20,2024-05-19,2024-05-25,26.4288,26.112,26.1367,73.9725,0.0311
2024,22,"May 26-June 1, 2024",8.0,238.0,0.0,17.0,2024-05-26,2024-06-01,2024,21,2024-05-26,2024-06-01,27.2129,26.9508,27.0445,69.5031,0.0531
2024,23,"June 2-8, 2024",17.0,255.0,0.0,17.0,2024-06-02,2024-06-08,2024,22,2024-06-02,2024-06-08,27.3425,27.0022,27.0014,73.7407,0.0687
2024,24,"June 9-15, 2024",7.0,262.0,0.0,17.0,2024-06-09,2024-06-15,2024,23,2024-06-09,2024-06-15,27.5486,27.3675,27.2143,79.8234,0.4789
2024,25,"June 16-22, 2024",15.0,277.0,1.0,18.0,2024-06-16,2024-06-22,2024,24,2024-06-16,2024-06-22,27.4354,27.327,27.1306,78.0682,0.108
2024,26,"June 23-29, 2024",7.0,284.0,2.0,20.0,2024-06-23,2024-06-29,2024,25,2024-06-23,2024-06-29,27.6284,27.4229,27.3576,83.3194,0.3158
2024,27,"June 30-July 6, 2024",8.0,292.0,0.0,20.0,2024-06-30,2024-07-06,2024,26,2024-06-30,2024-07-06,28.1861,27.8631,27.8606,82.4751,0.2222
2024,28,"July 7-13, 2024",8.0,300.0,4.0,24.0,2024-07-07,2024-07-13,2024,27,2024-07-07,2024-07-13,28.1673,27.9261,27.9779,81.0734,0.1767
2024,29,"July 14-20, 2024",18.0,318.0,2.0,26.0,2024-07-14,2024-07-20,2024,28,2024-07-14,2024-07-20,27.6539,27.3552,27.4198,82.4166,0.2802
2024,30,"July 21-27, 2024",25.0,343.0,1.0,27.0,2024-07-21,2024-07-27,2024,29,2024-07-21,2024-07-27,27.7003,27.4097,27.4131,83.2203,0.3345
2024,31,"July 28-August 3, 2024",16.0,359.0,1.0,28.0,2024-07-28,2024-08-03,2024,30,2024-07-28,2024-08-03,27.6177,27.3272,27.3391,83.2957,0.2896
2024,32,"August 4-10, 2024",15.0,374.0,0.0,28.0,2024-08-04,2024-08-10,2024,31,2024-08-04,2024-08-10,28.1559,28.0363,28.0083,83.7249,0.6413
2024,33,"August 11-17, 2024",45.0,419.0,5.0,33.0,2024-08-11,2024-08-17,2024,32,2024-08-11,2024-08-17,28.1771,27.9248,28.0121,80.0368,0.1354
2024,34,"August 18-24, 2024",39.0,458.0,2.0,35.0,2024-08-18,2024-08-24,2024,33,2024-08-18,2024-08-24,27.1882,26.9607,27.011,81.5186,0.1975
2024,35,"August 25-31, 2024",39.0,497.0,4.0,39.0,2024-08-25,2024-08-31,2024,34,2024-08-25,2024-08-31,27.3309,27.1043,27.1008,84.2031,0.1686
2024,36,"September 1-7, 2024",23.0,520.0,2.0,41.0,2024-09-01,2024-09-07,2024,35,2024-09-01,2024-09-07,27.0706,26.8183,26.7833,86.0122,0.4029
2024,37,"September 8-14, 2024",36.0,556.0,4.0,45.0,2024-09-08,2024-09-14,2024,36,2024-09-08,2024-09-14,26.7178,26.47,26.4044,88.1455,0.4164
2024,38,"September 15-21, 2024",24.0,580.0,2.0,47.0,2024-09-15,2024-09-21,2024,37,2024-09-15,2024-09-21,26.4919,26.2408,26.2909,83.5809,0.1071
2024,39,"September 22-28, 2024",9.0,589.0,3.0,50.0,2024-09-22,2024-09-28,2024,38,2024-09-22,2024-09-28,26.7502,26.6494,26.6975,82.8353,0.3453
2024,40,"September 29-October 5, 2024",43.0,632.0,5.0,55.0,2024-09-29,2024-10-05,2024,39,2024-09-29,2024-10-05,26.8184,26.6159,26.6663,84.0068,0.1484
2024,41,"October 6-12, 2024",4.0,636.0,2.0,57.0,2024-10-06,2024-10-12,2024,40,2024-10-06,2024-10-12,23.2763,23.1864,23.2123,85.4279,0.8538
2024,42,"October 13-19, 2024",53.0,689.0,3.0,60.0,2024-10-13,2024-10-19,2024,41,2024-10-13,2024-10-19,21.006,20.9031,21.1123,72.8749,0.0087
2024,43,"October 20-26, 2024",40.0,729.0,5.0,65.0,2024-10-20,2024-10-26,2024,42,2024-10-20,2024-10-26,22.4434,22.4318,22.6491,78.1172,0.0301
2024,44,"October 27- November 2, 2024",32.0,761.0,4.0,69.0,2024-10-27,2024-11-02,2024,43,2024-10-27,2024-11-02,22.8674,22.8723,23.0165,80.3111,0.0224
2024,45,"November 3-9, 2024",38.0,799.0,7.0,76.0,2024-11-03,2024-11-09,2024,44,2024-11-03,2024-11-09,24.7074,24.6609,24.6491,84.2848,0.0734
2024,46,"November 10-16, 2024",29.0,828.0,0.0,76.0,2024-11-10,2024-11-16,2024,45,2024-11-10,2024-11-16,22.2881,22.2598,22.3912,80.3135,0.0227
2024,47,"November 17-23, 2024",17.0,845.0,0.0,76.0,2024-11-17,2024-11-23,2024,46,2024-11-17,2024-11-23,17.5359,17.6525,17.9997,73.2547,0.054
2024,48,"November 24-30, 2024",21.0,866.0,4.0,80.0,2024-11-24,2024-11-30,2024,47,2024-11-24,2024-11-30,16.2618,16.341,16.8743,79.5765,0.0141
2024,49,"December 1-7, 2024",35.0,901.0,4.0,84.0,2024-12-01,2024-12-07,2024,48,2024-12-01,2024-12-07,11.2222,11.422,11.8944,71.9922,0.0029
2024,50,"December 8-14, 2024",22.0,923.0,5.0,89.0,2024-12-08,2024-12-14,2024,49,2024-12-08,2024-12-14,16.1039,16.2034,16.4775,78.3063,0.0448
2024,51,"December 15-21, 2024",30.0,953.0,6.0,95.0,2024-12-15,2024-12-21,2024,50,2024-12-15,2024-12-21,18.0839,18.0248,18.1135,84.3485,0.0492
2024,52,"December 22-28, 2024",0.0,953.0,0.0,95.0,2024-12-22,2024-12-28,2024,51,2024-12-22,2024-12-28,16.067,15.9345,15.9222,85.5651,0.0219
,,,,,,,,,2024,52,2024-12-29,2025-01-04,20.2591,20.1892,20.2555,87.8052,0.2395
,,,,,,,,,2025,0,2025-01-01,2025-01-04,12.5275,12.5877,13.0381,69.4242,0.0003
2025,1,,33.0,33.0,2.0,2.0,,,2025,1,2025-01-05,2025-01-11,10.8755,10.8392,11.0575,73.1017,0.03
2025,2,"January 5-11, 2025",22.0,55.0,3.0,5.0,2025-01-05,2025-01-11,2025,1,2025-01-05,2025-01-11,10.8755,10.8392,11.0575,73.1017,0.03
2025,3,"January 12-18, 2025",16.0,71.0,0.0,5.0,2025-01-12,2025-01-18,2025,2,2025-01-12,2025-01-18,13.137,13.0263,13.2046,73.7537,0.0979
2025,4,"January 19-25, 2025",22.0,93.0,1.0,6.0,2025-01-19,2025-01-25,2025,3,2025-01-19,2025-01-25,8.6792,8.5652,8.6192,78.9728,0.2209
2025,5,"January 26-February 1, 2025",20.0,113.0,0.0,6.0,2025-01-26,2025-02-01,2025,4,2025-01-26,2025-02-01,15.9301,15.9241,16.358,79.6724,0.005
2025,6,"February 2-8, 2025",15.0,128.0,0.0,6.0,2025-02-02,2025-02-08,2025,5,2025-02-02,2025-02-08,20.0426,19.9151,20.2026,83.0241,0.0019
2025,7,"February 9-15, 2025",4.0,132.0,0.0,6.0,2025-02-09,2025-02-15,2025,6,2025-02-09,2025-02-15,21.4837,21.3525,21.4738,81.2121,0.0565
2025,8,"February 16-22, 2025",6.0,138.0,0.0,6.0,2025-02-16,2025-02-22,2025,7,2025-02-16,2025-02-22,15.2408,15.0375,15.1399,76.6259,0.0913
2025,9,"February 23-March 1, 2025",7.0,145.0,0.0,6.0,2025-02-23,2025-03-01,2025,8,2025-02-23,2025-03-01,16.9533,16.8527,17.1656,77.096,0.1457
2025,10,"March 2-8, 2025",3.0,148.0,0.0,6.0,2025-03-02,2025-03-08,2025,9,2025-03-02,2025-03-08,17.0732,16.9657,17.178,69.8231,0.0457
2025,11,"March 9-15, 2025",2.0,150.0,1.0,7.0,2025-03-09,2025-03-15,2025,10,2025-03-09,2025-03-15,18.8752,18.7716,19.0277,75.5568,0.1493
2025,12,"March 16-22, 2025",5.0,155.0,0.0,7.0,2025-03-16,2025-03-22,2025,11,2025-03-16,2025-03-22,16.9787,16.8779,17.2015,64.8883,0.0571
2025,13,"March 23-29, 2025",5.0,160.0,0.0,7.0,2025-03-23,2025-03-29,2025,12,2025-03-23,2025-03-29,20.3625,20.2234,20.4306,72.5083,0.0266
2025,14,"March 30-April 5, 2025",4.0,164.0,0.0,7.0,2025-03-30,2025-04-05,2025,13,2025-03-30,2025-04-05,24.5659,24.3089,24.2478,80.1305,0.1105
2025,15,"April 6-12, 2025",1.0,165.0,0.0,7.0,2025-04-06,2025-04-12,2025,14,2025-04-06,2025-04-12,20.879,20.7048,20.7306,73.1275,0.083
2025,16,"April 13-19, 2025",1.0,166.0,0.0,7.0,2025-04-13,2025-04-19,2025,15,2025-04-13,2025-04-19,20.5409,20.3687,20.6402,66.2039,0.0005
2025,17,"April 20-26, 2025",4.0,170.0,0.0,7.0,2025-04-20,2025-04-26,2025,16,2025-04-20,2025-04-26,23.7655,23.4863,23.5441,71.7993,0.0096
2025,18,"April 27- May 3, 2025",5.0,175.0,0.0,7.0,2025-04-27,2025-05-03,2025,17,2025-04-27,2025-05-03,23.9389,23.6418,23.6999,72.3669,0.0365
2025,19,"May 4-10, 2025",3.0,178.0,0.0,7.0,2025-05-04,2025-05-10,2025,18,2025-05-04,2025-05-10,24.6091,24.3204,24.34,78.6019,0.2168
2025,20,"May 11-17, 2025",0.0,178.0,0.0,7.0,2025-05-11,2025-05-17,2025,19,2025-05-11,2025-05-17,25.1708,24.9233,25.0382,78.3655,0.2894
2025,21,"May 18-24, 2025",3.0,181.0,0.0,7.0,2025-05-18,2025-05-24,2025,20,2025-05-18,2025-05-24,27.1227,26.7921,26.9048,73.9937,0.0451
2025,22,"May 25-31, 2025",4.0,185.0,0.0,7.0,2025-05-25,2025-05-31,2025,21,2025-05-25,2025-05-31,26.6668,26.361,26.3949,79.5485,0.2125
2025,23,"June 1-7, 2025",2.0,187.0,0.0,7.0,2025-06-01,2025-06-07,2025,22,2025-06-01,2025-06-07,25.9078,25.648,25.6934,81.4603,0.1962
2025,24,"June 8-14, 2025",4.0,191.0,0.0,7.0,2025-06-08,2025-06-14,2025,23,2025-06-08,2025-06-14,27.3675,27.0712,27.0941,80.9878,0.2468
2025,25,"June 15-21, 2025",2.0,193.0,0.0,7.0,2025-06-15,2025-06-21,2025,24,2025-06-15,2025-06-21,27.455,27.1191,27.1798,80.0988,0.1875
2025,26,"June 22-28, 2025",11.0,204.0,1.0,8.0,2025-06-22,2025-06-28,2025,25,2025-06-22,2025-06-28,26.932,26.6362,26.693,80.0432,0.1671
2025,27,"June 29-July 5, 2025",1.0,205.0,1.0,9.0,2025-06-29,2025-07-05,2025,26,2025-06-29,2025-07-05,26.0501,25.7548,25.7488,85.1415,0.3879
2025,28,"July 6-12, 2025",6.0,211.0,0.0,9.0,2025-07-06,2025-07-12,2025,27,2025-07-06,2025-07-12,27.6081,27.2945,27.3745,79.8768,0.1632
2025,29,"July 13-19, 2025",5.0,216.0,0.0,9.0,2025-07-13,2025-07-19,2025,28,2025-07-13,2025-07-19,27.5702,27.2187,27.317,80.822,0.2968
2025,30,"July 20-26, 2025",8.0,224.0,1.0,10.0,2025-07-20,2025-07-26,2025,29,2025-07-20,2025-07-26,28.1056,27.801,27.8659,80.6364,0.2368
2025,31,"July 27-August 2, 2025",4.0,228.0,4.0,14.0,2025-07-27,2025-08-02,2025,30,2025-07-27,2025-08-02,29.3327,29.0153,29.1092,77.7265,0.1587
2025,32,"August 3-9, 2025",19.0,247.0,2.0,16.0,2025-08-03,2025-08-09,2025,31,2025-08-03,2025-08-09,27.2832,26.9639,26.94,82.7079,0.325
2025,33,"August 10-16, 2025",13.0,260.0,4.0,20.0,2025-08-10,2025-08-16,2025,32,2025-08-10,2025-08-16,28.2415,27.9156,27.9529,81.4164,0.1834
2025,34,"August 17-23, 2025",17.0,277.0,2.0,22.0,2025-08-17,2025-08-23,2025,33,2025-08-17,2025-08-23,27.4486,27.1889,27.2167,84.2037,0.2191
2025,35,"August 24-30, 2025",10.0,287.0,3.0,25.0,2025-08-24,2025-08-30,2025,34,2025-08-24,2025-08-30,26.5354,26.3186,26.374,83.8442,0.1966
2025,36,"August 31-September 6, 2025",8.0,295.0,5.0,30.0,2025-08-31,2025-09-06,2025,35,2025-08-31,2025-09-06,26.4798,26.2415,26.2514,82.4021,0.1329
2025,37,"September 7-13, 2025",9.0,304.0,11.0,41.0,2025-09-07,2025-09-13,2025,36,2025-09-07,2025-09-13,25.5289,25.4348,25.4077,83.2771,0.23
2025,38,"September 14-20, 2025",22.0,326.0,5.0,46.0,2025-09-14,2025-09-20,2025,37,2025-09-14,2025-09-20,25.1832,25.1849,25.2835,78.5724,0.0988
2025,39,"September 21-27, 2025",19.0,345.0,5.0,51.0,2025-09-21,2025-09-27,2025,38,2025-09-21,2025-09-27,26.4239,26.1743,26.287,82.9706,0.1639
2025,40,"September 28 – October 4, 2025",15.0,360.0,2.0,53.0,2025-09-28,2025-10-04,2025,39,2025-09-28,2025-10-04,25.1005,25.0441,25.0326,83.0317,0.1094
2025,41,"October 5 - 11, 2025",15.0,375.0,2.0,55.0,2025-10-05,2025-10-11,2025,40,2025-10-05,2025-10-11,24.8061,24.6413,24.5973,86.6265,0.2025
2025,42,"October 12 - 18, 2025",20.0,395.0,1.0,56.0,2025-10-12,2025-10-18,2025,41,2025-10-12,2025-10-18,22.207,22.1309,22.3988,76.4058,0.0036
2025,43,"October 19-25, 2025",26.0,421.0,3.0,59.0,2025-10-19,2025-10-25,2025,42,2025-10-19,2025-10-25,22.201,22.1491,22.4038,77.438,0.0583
2025,44,"October 26 – November 1, 2025",6.0,427.0,0.0,59.0,2025-10-26,2025-11-01,2025,43,2025-10-26,2025-11-01,19.2773,19.1376,19.3093,81.5978,0.1196
2025,45,"November 2-8, 2025",18.0,445.0,3.0,62.0,2025-11-02,2025-11-08,2025,44,2025-11-02,2025-11-08,19.6127,19.5837,19.9621,79.2492,0.0053
2025,46,"November 9-15, 2025",16.0,461.0,2.0,64.0,2025-11-09,2025-11-15,2025,45,2025-11-09,2025-11-15,15.0113,15.0026,15.4909,71.141,0.019
2025,47,"November 16-22, 2025",35.0,496.0,2.0,66.0,2025-11-16,2025-11-22,2025,46,2025-11-16,2025-11-22,19.2922,19.352,20.0149,79.5219,0.0025
2025,48,"November 23-29, 2025",5.0,501.0,1.0,67.0,2025-11-23,2025-11-29,2025,47,2025-11-23,2025-11-29,18.3684,18.3413,18.6719,75.7543,0.0223
2025,49,"November 30–December 6, 2025",7.0,508.0,0.0,67.0,2025-11-30,2025-12-06,2025,48,2025-11-30,2025-12-06,18.9259,18.851,19.0138,84.5581,0.0989
2025,50,"December 7-13, 2025",7.0,515.0,0.0,67.0,2025-12-07,2025-12-13,2025,49,2025-12-07,2025-12-13,15.3,15.2363,15.5663,84.0417,0.1502
2025,51,"December 14-20, 2025",6.0,521.0,1.0,68.0,2025-12-14,2025-12-20,2025,50,2025-12-14,2025-12-20,16.5043,16.4813,16.7913,78.7507,0.0261
2025,52,"December 21-27, 2025",1.0,522.0,0.0,68.0,2025-12-21,2025-12-27,2025,51,2025-12-21,2025-12-27,17.9671,18.0015,18.5578,81.0968,0.0026
2026,1,"January 4-10, 2026",9.0,9.0,0.0,0.0,2026-01-04,2026-01-10,2026,1,2026-01-04,2026-01-10,18.6868,18.6161,19.0047,85.5037,0.0104
2026,2,"January 11-17, 2026",3.0,12.0,0.0,0.0,2026-01-11,2026-01-17,2026,2,2026-01-11,2026-01-17,13.2721,13.1936,13.4993,74.1532,0.0434
2026,3,"January 18-24, 2026",2.0,14.0,0.0,0.0,2026-01-18,2026-01-24,2026,3,2026-01-18,2026-01-24,13.9379,13.8706,14.1541,76.34,0.0373
2026,4,"January 25-31, 2026",7.0,21.0,0.0,0.0,2026-01-25,2026-01-31,2026,4,2026-01-25,2026-01-31,11.0876,11.0746,11.3619,69.5293,0.0352
2026,5,"February 1-7, 2026",2.0,23.0,0.0,0.0,2026-02-01,2026-02-07,2026,5,2026-02-01,2026-02-07,8.606,8.631,9.1629,66.2482,0.0333
2026,6,"February 8-14, 2026",4.0,11.0,0.0,,2026-02-08,2026-02-14,2026,6,2026-02-08,2026-02-14,15.7532,15.7432,16.3914,74.2776,0.0026
2026,7,"February 15-21, 2026",4.0,14.0,0.0,,2026-02-15,2026-02-21,2026,7,2026-02-15,2026-02-21,20.4823,20.3546,20.6639,79.0086,0.0896
2026,8,"February 22-28, 2026",2.0,16.0,0.0,0.0,2026-02-22,2026-02-28,2026,8,2026-02-22,2026-02-28,14.947,14.8171,15.2105,70.6108,0.1104
2026,9,"March 1-7, 2026",0.0,16.0,0.0,0.0,2026-03-01,2026-03-07,,,,,,,,,
2026,10,"March 8-14, 2026",1.0,17.0,0.0,0.0,2026-03-08,2026-03-14,,,,,,,,,
2026,11,"March 15-21, 2026",2.0,18.0,0.0,0.0,2026-03-15,2026-03-21,,,,,,,,,
2026,12,"March 22-28, 2026",1.0,19.0,0.0,0.0,2026-03-22,2026-03-28,,,,,,,,,
2026,13,"March 29-April 4, 2026",1.0,20.0,0.0,0.0,2026-03-29,2026-04-04,,,,,,,,,
2026,14,"April 5-11, 2026",4.0,24.0,0.0,0.0,2026-04-05,2026-04-11,,,,,,,,,